Topic-1,Topic-2,Topic-3,Topic-4,Topic-5
"(324, 0.186632058751163)","(191, 0.11380504110796691)","(90, 0.12942910290304813)","(109, 0.15750431801125858)","(160, 0.13918703187494705)"
"(577, 0.18567536868643386)","(112, 0.09589287433690968)","(97, 0.12170456971927157)","(83, 0.14389376137499288)","(154, 0.13296283156132435)"
"(413, 0.18299740205381887)","(670, 0.08152219685896445)","(77, 0.11875551794966449)","(9, 0.1407690176409837)","(22, 0.11617496004221499)"
"(392, 0.18176352446157498)","(67, 0.0789797748922403)","(9, 0.11391178604047145)","(654, 0.13892716095718435)","(577, 0.11569261925846595)"
"(402, 0.18115075633246155)","(111, 0.07440767688620652)","(670, 0.11330003898081202)","(97, 0.13737343947076563)","(672, 0.11483638588793786)"
"(410, 0.17983056606432685)","(110, 0.06166344986216855)","(112, 0.11182397119185525)","(81, 0.13723380217789258)","(605, 0.11449640310318471)"
"(389, 0.17524734525001298)","(123, 0.06133606366208295)","(644, 0.10752110131662557)","(657, 0.13482834043217778)","(601, 0.11326667184399448)"
"(320, 0.17464955368275867)","(220, 0.06010936799563327)","(111, 0.1072917184626918)","(87, 0.13375915890425943)","(576, 0.11089993803842405)"
"(387, 0.17306963793348226)","(130, 0.05907244615294321)","(81, 0.10619533519907297)","(86, 0.13198336171244862)","(394, 0.11080054068044153)"
"(323, 0.171981539122621)","(672, 0.05897661417514105)","(94, 0.10600411855605339)","(108, 0.12986275140008943)","(393, 0.11004810313928098)"
"(412, 0.16825989033759853)","(674, 0.05735416116712744)","(654, 0.10461100924268867)","(655, 0.12961619109209102)","(655, 0.10376420313026324)"
"(325, 0.16756402495075423)","(187, 0.05605607860487702)","(87, 0.10405821924343751)","(644, 0.12872733152820942)","(674, 0.10347298705450896)"
"(414, 0.16553154733377456)","(227, 0.05577121236420582)","(80, 0.10387785943347908)","(94, 0.12674351312593746)","(36, 0.10229577357085703)"
"(531, 0.16518586442749342)","(671, 0.054989246934776255)","(86, 0.10213968289827101)","(90, 0.12603100915040083)","(560, 0.10150307717837623)"
"(395, 0.16508163473072027)","(129, 0.05433135598843156)","(657, 0.09862352784729948)","(653, 0.12446626507483273)","(529, 0.10146434158465331)"
"(558, 0.16346599389818414)","(673, 0.05406422159431018)","(129, 0.09836669816834849)","(669, 0.1244646722041212)","(96, 0.10136506910531812)"
"(523, 0.16332875728580573)","(675, 0.05291606669287089)","(674, 0.09444588202174706)","(79, 0.11857751837424955)","(562, 0.10128752231211556)"
"(421, 0.15988638311131487)","(115, 0.05135778808326772)","(92, 0.0942714235943887)","(160, 0.11610314525587813)","(657, 0.10063168644171698)"
"(630, 0.15966387339971091)","(11, 0.04973998588361432)","(669, 0.09402216137917567)","(93, 0.1158371597960938)","(519, 0.10052704210458331)"
"(42, 0.1587209025658944)","(677, 0.04798817720536068)","(675, 0.09074662792838926)","(648, 0.1145003027696409)","(617, 0.09962543657970534)"
"(529, 0.1587179875154612)","(193, 0.04740926011148515)","(655, 0.08976301607304282)","(85, 0.11400043289913259)","(558, 0.09946409290058625)"
"(420, 0.15838742204620448)","(19, 0.04505669522216032)","(110, 0.08915462731805524)","(639, 0.11368866329014213)","(563, 0.09931824040819333)"
"(322, 0.15803291283280435)","(131, 0.04483870595652184)","(673, 0.08837580708971193)","(661, 0.11293793869063544)","(675, 0.0991738506996382)"
"(53, 0.15703213105190816)","(226, 0.04389477084551956)","(671, 0.08772203851571535)","(92, 0.11249479107102013)","(299, 0.09900916978962304)"
"(671, 0.15698643000386983)","(190, 0.04327846819195232)","(93, 0.08748667390764123)","(650, 0.11191523811132739)","(543, 0.09882849736448765)"
"(538, 0.1548704853823782)","(194, 0.0426925325505312)","(109, 0.08637407139007336)","(65, 0.11191253474021111)","(671, 0.0988210443267395)"
"(521, 0.15388193426245947)","(222, 0.042441443952952074)","(96, 0.08634855231877275)","(8, 0.1115849216203236)","(680, 0.0985471820145372)"
"(568, 0.15385812691667633)","(135, 0.04202092475025724)","(681, 0.08610656378264328)","(649, 0.11153029812740096)","(622, 0.09836865777216101)"
"(441, 0.1533375147314224)","(192, 0.04193479952296)","(83, 0.08538053671624228)","(530, 0.11138578476277465)","(568, 0.09799748682761675)"
"(422, 0.15292803911773456)","(680, 0.03905965993234706)","(661, 0.08517072924359267)","(651, 0.11087479990637768)","(678, 0.09756040218612969)"
"(442, 0.15248321235099152)","(100, 0.038309721534935566)","(123, 0.08407076597868672)","(89, 0.11063530123539192)","(586, 0.09733827501729397)"
"(677, 0.15233804485923808)","(458, 0.03736129230293106)","(78, 0.083979487294297)","(107, 0.11029647874476765)","(161, 0.09724933769206015)"
"(562, 0.1518584837976862)","(443, 0.03732627585840264)","(222, 0.0829580524438662)","(529, 0.1083867925314961)","(521, 0.09712990524421655)"
"(524, 0.15166978957616553)","(189, 0.03666635171838417)","(648, 0.08160570300367653)","(640, 0.10753214951900325)","(328, 0.09703366753213319)"
"(679, 0.1516572439869786)","(457, 0.03657568642074485)","(67, 0.0814035099282063)","(676, 0.10735148949935547)","(572, 0.09669697654657818)"
"(321, 0.15049840863182412)","(488, 0.03612173507334121)","(677, 0.08022777526387016)","(667, 0.10731119557610744)","(585, 0.09636340672131133)"
"(528, 0.14979048327433475)","(681, 0.03611953210548596)","(320, 0.07948076662657619)","(668, 0.10729178145541814)","(550, 0.09593348139878227)"
"(533, 0.14968704145184786)","(234, 0.03608158833468677)","(647, 0.07863866202097856)","(80, 0.10727153855011774)","(677, 0.09588372188952345)"
"(540, 0.14967036382061885)","(444, 0.03577854059723915)","(191, 0.07810851278974619)","(77, 0.10615496832627126)","(559, 0.09554367827237258)"
"(415, 0.14964057237266687)","(496, 0.03530229028417569)","(651, 0.0779433412607116)","(662, 0.1054561097454676)","(633, 0.09523678466457464)"
"(39, 0.14806654320613302)","(456, 0.034997675979277644)","(503, 0.07789911804112384)","(646, 0.10535548574129802)","(33, 0.09482196188966235)"
"(383, 0.14710160997860325)","(219, 0.03467289054052664)","(680, 0.07736867863360915)","(647, 0.10511821215751027)","(584, 0.09474507738567571)"
"(678, 0.14675074879225017)","(140, 0.034508638989979)","(108, 0.0764794277019895)","(84, 0.1016549697331799)","(679, 0.09451998475599167)"
"(388, 0.14671402625379093)","(472, 0.03436108131286392)","(639, 0.07514832389057724)","(519, 0.1015645343655501)","(561, 0.0944771947477363)"
"(41, 0.1456667358586285)","(51, 0.03412836378388917)","(85, 0.07331478714072108)","(637, 0.1000033991155792)","(323, 0.09377938612239183)"
"(332, 0.1455936428722851)","(448, 0.03392028756328205)","(11, 0.07321500015922629)","(563, 0.09866628318908097)","(413, 0.09316713679351839)"
"(537, 0.14521469105370594)","(470, 0.03378874406233118)","(653, 0.07302875686525023)","(670, 0.09735552658592454)","(518, 0.09312199899592)"
"(406, 0.14503476062251883)","(199, 0.03330130810172622)","(672, 0.07296286862413197)","(674, 0.09676932564500182)","(596, 0.09310861615947727)"
"(384, 0.14412304475268578)","(471, 0.033296768679010776)","(646, 0.07238770470708054)","(576, 0.0964030513911005)","(603, 0.09304541409150137)"
"(551, 0.1440859369485527)","(74, 0.03326636851058946)","(95, 0.07169490720216137)","(531, 0.09632233431774594)","(595, 0.0930304730545511)"
"(552, 0.14353086677203222)","(445, 0.033172798338116795)","(676, 0.07160568563841477)","(518, 0.09539255315798119)","(540, 0.09302338480091413)"
"(34, 0.1434115451145112)","(501, 0.03310255110181888)","(166, 0.0713948310267293)","(656, 0.095204036516406)","(530, 0.09297157461784969)"
"(386, 0.14341114710396402)","(446, 0.03309337072380045)","(668, 0.07116286399702047)","(57, 0.09480836545340612)","(61, 0.09274665589443137)"
"(676, 0.14301763793662292)","(465, 0.03308998153617404)","(667, 0.07115896686622088)","(675, 0.094591225428672)","(594, 0.0924236604097205)"
"(328, 0.14299966344719198)","(447, 0.03300266893684324)","(192, 0.07103869532133339)","(633, 0.0943837021311696)","(520, 0.09187433771886612)"
"(543, 0.14295683946612933)","(75, 0.03254352982706624)","(79, 0.07078396751029048)","(88, 0.09344393893123959)","(330, 0.09185763808597948)"
"(385, 0.14294303994981672)","(460, 0.03244537717266876)","(496, 0.07022052438120796)","(601, 0.0933341389314434)","(604, 0.09171559863011662)"
"(550, 0.14247697600356618)","(154, 0.03242904892298518)","(190, 0.06992914238554432)","(575, 0.09320765508420834)","(60, 0.0913333822859589)"
"(561, 0.14177923700769726)","(46, 0.032425067093977585)","(488, 0.0699100210499375)","(521, 0.09309558063362644)","(53, 0.09127585340835924)"
"(193, 0.14164084321018605)","(464, 0.032336111746469366)","(558, 0.06956613370232063)","(626, 0.09305779617440367)","(600, 0.09121816632076056)"
"(407, 0.14136480082411582)","(188, 0.03229850632381669)","(500, 0.06918743130134522)","(666, 0.09289536635823936)","(325, 0.0910540044501147)"
"(559, 0.14136337792920417)","(45, 0.03217983622046048)","(204, 0.0689437507361987)","(643, 0.09265905622528)","(541, 0.09091106788824432)"
"(541, 0.14115251399442202)","(452, 0.03216110578054891)","(84, 0.06855860350954464)","(665, 0.09256351779093934)","(676, 0.09041895011221564)"
"(639, 0.14112102830971396)","(5, 0.03207029247159592)","(299, 0.06815668096415127)","(664, 0.09237562829057572)","(637, 0.0903771960445544)"
"(627, 0.14093028979164693)","(221, 0.032044765190862905)","(508, 0.06815024133171571)","(632, 0.09234186859681277)","(406, 0.09034180581373114)"
"(609, 0.14088639671019773)","(148, 0.03199026991022319)","(8, 0.06794120592880869)","(642, 0.09232461664605537)","(531, 0.09033791022013822)"
"(424, 0.14082028337348418)","(469, 0.03183658111445681)","(501, 0.06759557449808647)","(427, 0.09185161964970032)","(654, 0.09033593206118522)"
"(32, 0.14060759281947868)","(461, 0.031829208944045964)","(65, 0.0674115464313361)","(631, 0.09176179926199943)","(551, 0.09031036250555456)"
"(637, 0.14057371652220219)","(462, 0.03182308247032117)","(650, 0.06737469303578912)","(564, 0.09129692605445967)","(388, 0.09004477858949399)"
"(573, 0.14055771447085808)","(47, 0.03182113814958749)","(529, 0.0672833274797681)","(558, 0.09123624471765075)","(324, 0.09001948211718523)"
"(634, 0.14053257439353084)","(143, 0.03181949696371906)","(649, 0.06724339813403758)","(68, 0.09120038005683802)","(552, 0.08991529678513097)"
"(397, 0.1400774002398014)","(466, 0.03164412735693385)","(499, 0.06597098850409268)","(641, 0.09090002262635549)","(575, 0.08990682203197538)"
"(433, 0.13960168376911286)","(509, 0.03160826516851782)","(577, 0.06548316968227164)","(568, 0.08811682713123134)","(555, 0.08990165172853629)"
"(68, 0.1394301904218953)","(510, 0.03125248538189116)","(5, 0.06547113393602662)","(442, 0.08803113550588379)","(549, 0.08911104151360129)"
"(425, 0.1392930683270361)","(499, 0.03102367185136588)","(64, 0.06498364661681469)","(441, 0.08789382289472192)","(326, 0.0881226492682417)"
"(575, 0.13903315408696196)","(20, 0.030909294086505803)","(188, 0.06494827818237583)","(596, 0.08757157404599698)","(574, 0.0875411479097068)"
"(400, 0.13874548354187313)","(50, 0.030622160501723828)","(576, 0.06489176248557674)","(569, 0.08654353117562076)","(389, 0.08742513215680676)"
"(556, 0.13864484618708517)","(504, 0.030465595052579772)","(640, 0.06454335722526193)","(551, 0.08649045949853854)","(397, 0.08718263171544423)"
"(574, 0.13784460145355565)","(497, 0.030453376476772254)","(50, 0.0643793167099219)","(63, 0.08644941404764778)","(421, 0.0870899628465499)"
"(544, 0.1376052307934579)","(502, 0.03030217298919693)","(507, 0.06377058149650884)","(425, 0.08606812083559261)","(581, 0.08694122328962209)"
"(545, 0.13749772469357405)","(498, 0.030176903653036106)","(88, 0.06333889082359348)","(448, 0.0859833010309225)","(554, 0.0868796371465019)"
"(606, 0.13747407878495904)","(491, 0.030144674521722398)","(7, 0.06211899898394246)","(622, 0.08591475628403099)","(599, 0.08651581397349865)"
"(607, 0.13745621183153528)","(489, 0.02990111474449214)","(226, 0.06206533391443433)","(111, 0.0858033169985242)","(320, 0.08626513512671831)"
"(669, 0.13732524366888865)","(492, 0.029509452514931124)","(498, 0.06195342835073169)","(552, 0.08576786180012003)","(569, 0.08613331147521562)"
"(63, 0.13629852938690196)","(467, 0.02917003157277514)","(12, 0.06188754594257305)","(572, 0.08574218131949496)","(38, 0.08595290814440998)"
"(650, 0.13615316362208496)","(493, 0.028935760724564816)","(497, 0.06161152741582752)","(78, 0.08536100697855453)","(37, 0.08582505094099378)"
"(43, 0.1360087215051207)","(507, 0.028753318905337014)","(509, 0.061502419913702706)","(586, 0.0846549212203595)","(6, 0.08553972415909566)"
"(65, 0.1359592929733071)","(503, 0.02781274718076964)","(69, 0.06131595024610757)","(293, 0.08415118540023693)","(204, 0.08548838273108847)"
"(438, 0.13573880358596477)","(228, 0.02771887996323329)","(489, 0.06122331499109851)","(433, 0.08378145336251704)","(383, 0.08547569651552495)"
"(649, 0.1357314301721678)","(203, 0.02753032139796667)","(49, 0.0605019732122266)","(426, 0.08372232383307314)","(7, 0.08497006115172258)"
"(572, 0.13562176628636682)","(459, 0.027431562560700697)","(662, 0.060455929735110076)","(550, 0.0836352847380764)","(653, 0.08490856268008794)"
"(672, 0.13527718786259932)","(516, 0.027350560734763656)","(189, 0.06021036252644951)","(609, 0.08352766976215165)","(410, 0.08487956706987305)"
"(439, 0.1348243944281221)","(490, 0.027049515457517995)","(89, 0.05982729462026582)","(562, 0.08351443573081171)","(327, 0.08486739522824105)"
"(657, 0.13441166570223892)","(76, 0.027019261027035762)","(601, 0.059514713539384596)","(680, 0.08324075532923571)","(628, 0.08463402423856327)"
"(394, 0.13439920567801591)","(164, 0.02695834232270458)","(234, 0.059482951252715466)","(520, 0.08319567367627273)","(564, 0.0845719500270813)"
"(613, 0.13419515422633693)","(468, 0.02692610970314973)","(633, 0.059019776369686534)","(537, 0.08312399846130444)","(190, 0.08449435891610459)"
"(612, 0.1340325205032783)","(49, 0.02676712365740023)","(568, 0.058841378536348035)","(439, 0.08285079399647927)","(384, 0.08431163069540906)"
"(619, 0.13393153610306124)","(69, 0.026560381667518628)","(297, 0.05825070511160009)","(540, 0.082356159281594)","(644, 0.08424942519344125)"
"(391, 0.133725712486105)","(7, 0.02649443266770172)","(656, 0.057967258804512575)","(532, 0.08235505990949932)","(648, 0.08422185697273443)"
"(628, 0.13353953800005294)","(145, 0.02646129221164512)","(220, 0.05785074783093844)","(438, 0.08233282413016567)","(385, 0.08411359242191145)"
"(605, 0.13307006600756324)","(12, 0.026398958905041365)","(448, 0.05777126401205245)","(61, 0.08208375467629836)","(627, 0.0840970283207729)"
"(576, 0.13280513086464865)","(506, 0.026345743843194956)","(219, 0.05763817013665882)","(538, 0.0820043275002267)","(538, 0.08381067761799467)"
"(393, 0.13268312376529906)","(508, 0.02633055570153176)","(51, 0.05729424439512999)","(681, 0.08189546344881785)","(524, 0.08380953190120886)"
"(621, 0.13217502414854143)","(463, 0.0257481602966956)","(493, 0.05727042018688247)","(608, 0.08141557583364681)","(386, 0.0837138874360931)"
"(564, 0.13171267000657622)","(2, 0.025587486383143128)","(531, 0.057258797429003)","(679, 0.08141422345156032)","(546, 0.08340536838992627)"
"(681, 0.13039213570433306)","(14, 0.025429241143554826)","(502, 0.05713505881361752)","(166, 0.08091459454518762)","(69, 0.08323817324719034)"
"(33, 0.13024419927914208)","(517, 0.025355964520858504)","(74, 0.05710873974655338)","(54, 0.08063830280157627)","(68, 0.08316385473887287)"
"(44, 0.13002760092653806)","(73, 0.025270698034728097)","(504, 0.05694115490839079)","(561, 0.0806208603358074)","(592, 0.08307698796668858)"
"(428, 0.1299701170941281)","(147, 0.025230449877191002)","(530, 0.05690870373508767)","(543, 0.08059205062434548)","(528, 0.08305303231303103)"
"(565, 0.1298569122169846)","(113, 0.024744325922363718)","(130, 0.05685279103314836)","(573, 0.080469658469472)","(35, 0.08296638957649577)"
"(603, 0.12959052604312798)","(486, 0.024461169639571522)","(221, 0.056809013567402866)","(44, 0.08040159225402774)","(606, 0.08286264010742853)"
"(67, 0.12936155626732657)","(204, 0.0243699457861934)","(519, 0.05676716808833885)","(571, 0.08031796136145687)","(63, 0.08273191019725504)"
"(547, 0.12932724829138)","(195, 0.024276236829266058)","(464, 0.05676296041097127)","(508, 0.07942036693962835)","(322, 0.08271585671777848)"
"(604, 0.12844685756289018)","(505, 0.024207448754593405)","(202, 0.05659173888903063)","(547, 0.07896084733123554)","(407, 0.08271121731310123)"
"(591, 0.12758696467098415)","(71, 0.02400890358220254)","(491, 0.056497213346101506)","(678, 0.07795132214322166)","(544, 0.08255101890115821)"
"(631, 0.12736076139367355)","(139, 0.023965602828874985)","(75, 0.05618343531302018)","(440, 0.07783993969878206)","(607, 0.08252589019661973)"
"(608, 0.1273503077729241)","(494, 0.02387512761386746)","(637, 0.05616172854755242)","(43, 0.07763210550922223)","(80, 0.08241300434325734)"
"(398, 0.12725807693152744)","(495, 0.023848892444625652)","(68, 0.05613911481574282)","(677, 0.07754535115488839)","(438, 0.08238767593630927)"
"(399, 0.12671073433031224)","(144, 0.023574098933230935)","(427, 0.05611344691555628)","(299, 0.0771131464720585)","(424, 0.08238719919976073)"
"(554, 0.1265478979068542)","(70, 0.023443813549279973)","(562, 0.0560969871358155)","(597, 0.07655754662599709)","(545, 0.08235876665027188)"
"(670, 0.12650134204760774)","(200, 0.023013489204183286)","(511, 0.055975951841983625)","(671, 0.07655277685880418)","(632, 0.08231805485855236)"
"(426, 0.12646458211120692)","(511, 0.023008661897679653)","(442, 0.05592864775774601)","(429, 0.07611091944663043)","(331, 0.08225409833554494)"
"(4, 0.1257996529440486)","(102, 0.021863805341959457)","(160, 0.055648029604316834)","(501, 0.07588736833685894)","(57, 0.08213797102586795)"
"(35, 0.1257955574225198)","(476, 0.021786408136556315)","(441, 0.05546971936011941)","(592, 0.07564904127539573)","(159, 0.08178296877884036)"
"(36, 0.12560835498744236)","(475, 0.021679954228095155)","(663, 0.05522343213989284)","(533, 0.07562441112954146)","(652, 0.08166660818023919)"
"(519, 0.12548191953598717)","(482, 0.02105179318010326)","(492, 0.05504314173270127)","(110, 0.07547112051854468)","(34, 0.08145676823287946)"
"(518, 0.12528319876478172)","(500, 0.020474469937418926)","(505, 0.05441705137148324)","(74, 0.07504068566211934)","(412, 0.08143572062112814)"
"(632, 0.12516153161589566)","(473, 0.020302207029580795)","(575, 0.05431951317300291)","(420, 0.0750093057831509)","(537, 0.08134644889235046)"
"(653, 0.1250663029278839)","(48, 0.02005148439054039)","(631, 0.05416803336051499)","(546, 0.07489223059313463)","(402, 0.08085799809066752)"
"(522, 0.12458725986255532)","(72, 0.0200200334038868)","(632, 0.0541636948461021)","(42, 0.07477839980379589)","(643, 0.08081734170980315)"
"(635, 0.12458543714034001)","(481, 0.019989170883312063)","(518, 0.05395729456029497)","(428, 0.07433750631414693)","(329, 0.08075298165276497)"
"(55, 0.12430162285424873)","(479, 0.019603151577929058)","(187, 0.05394976516541305)","(634, 0.07429806895010994)","(591, 0.08045958558937122)"
"(590, 0.1240051482595345)","(122, 0.019587698469713248)","(563, 0.05385990370449623)","(75, 0.07417198431997532)","(642, 0.08045404457768209)"
"(625, 0.12346828609205286)","(474, 0.01936241866729769)","(227, 0.05367560090874015)","(556, 0.07416213470012238)","(442, 0.08038105463313261)"
"(319, 0.12344970535020397)","(477, 0.018816712091152526)","(608, 0.053519292669333626)","(591, 0.07372901547034813)","(78, 0.08015638045492209)"
"(326, 0.12340351301341553)","(478, 0.018546627974000283)","(609, 0.0533899638396654)","(51, 0.07293071829740645)","(401, 0.0800153794374296)"
"(546, 0.12328068214403527)","(480, 0.01822091839195999)","(164, 0.053310806190044774)","(565, 0.07277867542647457)","(40, 0.07995806982676865)"
"(536, 0.12268990401816098)","(485, 0.01718139218838128)","(622, 0.05317689147171586)","(496, 0.07267008054959734)","(441, 0.07977773460991709)"
"(534, 0.12244470917215385)","(487, 0.01705442782299781)","(645, 0.05223876059370178)","(534, 0.07256206987283097)","(131, 0.07970913569148874)"
"(535, 0.12231362692240921)","(196, 0.016397598413815394)","(572, 0.0521802833481447)","(306, 0.07250912059337355)","(387, 0.07964981526349071)"
"(542, 0.12231003759395752)","(207, 0.014342774112880334)","(596, 0.05173143135344072)","(50, 0.07241336867079728)","(426, 0.07961911091371077)"
"(401, 0.12207761023734588)","(202, 0.014012649929148536)","(494, 0.05152024078990149)","(305, 0.07230541719428682)","(608, 0.07935519227842144)"
"(601, 0.12186788414873816)","(37, 0.013871844330856257)","(107, 0.05147530549080505)","(503, 0.07199904022045686)","(641, 0.07928006058124815)"
"(154, 0.12136320913486552)","(230, 0.013653967620693742)","(643, 0.05142254429731166)","(535, 0.0717740720915566)","(669, 0.07926319114052895)"
"(390, 0.1210260723001252)","(36, 0.01347252928604823)","(592, 0.05139568523144263)","(673, 0.07173367790866894)","(144, 0.07925812761242454)"
"(549, 0.12098644210112162)","(327, 0.013420814964317516)","(564, 0.05125266932991093)","(627, 0.07168977679058383)","(588, 0.07915681403225794)"
"(59, 0.12051968184030597)","(38, 0.013044981888596267)","(521, 0.051221685340526735)","(7, 0.07147304178121067)","(547, 0.07898656925248392)"
"(614, 0.1204478592708533)","(33, 0.012986956011592235)","(490, 0.051058866252528166)","(489, 0.07119636705810178)","(573, 0.07896527222888122)"
"(589, 0.11999864772504468)","(293, 0.012737974240483568)","(642, 0.05102285164658277)","(590, 0.07113793053780766)","(400, 0.07879757174873017)"
"(61, 0.11969129544206211)","(197, 0.012659864645767108)","(495, 0.05087874982384468)","(630, 0.0705600023318267)","(662, 0.0785802150644126)"
"(648, 0.11950035477734597)","(185, 0.01145129880765404)","(550, 0.05036674410375847)","(624, 0.07053624025516883)","(609, 0.07851373264118461)"
"(593, 0.11904574633536703)","(206, 0.011400626658455995)","(543, 0.050279079760178993)","(69, 0.07040718965916005)","(81, 0.07833921095576571)"
"(610, 0.11891689320492785)","(198, 0.00998700055813133)","(538, 0.05026142995984438)","(52, 0.07012122093547334)","(307, 0.07829447573375965)"
"(592, 0.11888738373918815)","(104, 0.003124227742003126)","(63, 0.05020893047387351)","(613, 0.06990246269404561)","(13, 0.07828573834062949)"
"(62, 0.11879418828468896)","(101, 0.0028801837789821506)","(641, 0.05002197684820028)","(509, 0.06985927680321033)","(661, 0.07826661931119476)"
"(646, 0.11877818150995016)","(98, 0.0)","(506, 0.04999640945581788)","(612, 0.069775433473861)","(647, 0.07809743935289208)"
"(548, 0.11859343966810276)","(1, 0.0)","(61, 0.049950948503194856)","(320, 0.06959182340172025)","(587, 0.07806232363249838)"
"(423, 0.11847069160608226)","(10, 0.0)","(666, 0.04972419867077112)","(542, 0.06950255389322654)","(54, 0.07804420305564605)"
"(647, 0.11791207354823086)","(103, 0.0)","(665, 0.04947026334303841)","(507, 0.06948660479737864)","(395, 0.07802191486681244)"
"(38, 0.11721504973638303)","(105, 0.0)","(664, 0.04937589410884969)","(635, 0.06943167386908251)","(21, 0.07800309836710691)"
"(416, 0.11713924670146435)","(107, 0.0)","(591, 0.048875653157022796)","(112, 0.06900114931231922)","(55, 0.07788568751852176)"
"(418, 0.11707174749187906)","(108, 0.0)","(586, 0.04827421499826304)","(500, 0.06896727020517883)","(425, 0.07781936186187287)"
"(417, 0.11703609988197525)","(109, 0.0)","(634, 0.04811828418664767)","(59, 0.06878671495371297)","(191, 0.07774400360906267)"
"(673, 0.11658244526139515)","(114, 0.0)","(76, 0.04733314406604474)","(491, 0.06842262450959885)","(598, 0.07771888667084348)"
"(429, 0.11550544048416604)","(116, 0.0)","(70, 0.04729918618004513)","(589, 0.06813903533548123)","(392, 0.07755878750542972)"
"(37, 0.11550049919184742)","(117, 0.0)","(21, 0.0468622847852083)","(493, 0.06776184525778979)","(169, 0.07727625642822541)"
"(638, 0.11487587860846735)","(120, 0.0)","(679, 0.04685727582990909)","(49, 0.0675435732262723)","(192, 0.07723914388663679)"
"(181, 0.11477688285162649)","(121, 0.0)","(561, 0.04672702215188025)","(511, 0.06746321124604857)","(590, 0.07715537598548299)"
"(555, 0.11452091026067973)","(124, 0.0)","(306, 0.04670068507601354)","(11, 0.06737106836333379)","(667, 0.07712084811598253)"
"(330, 0.11407295468938174)","(125, 0.0)","(305, 0.04645994205938364)","(464, 0.0672587070659756)","(571, 0.07708735920748554)"
"(530, 0.11302905131943933)","(126, 0.0)","(203, 0.046424970205533746)","(492, 0.06720328978354526)","(415, 0.07697824112559636)"
"(680, 0.1116566593635549)","(127, 0.0)","(630, 0.045753707682972385)","(488, 0.06677215913493638)","(321, 0.07695903812399778)"
"(159, 0.11140310658062479)","(128, 0.0)","(193, 0.045627851918774935)","(5, 0.06671969380215773)","(668, 0.07692873440675004)"
"(656, 0.10972079542898071)","(13, 0.0)","(590, 0.0455171540859199)","(95, 0.06660829731331122)","(630, 0.07687038769143542)"
"(440, 0.10971047141336025)","(132, 0.0)","(551, 0.0452276394003987)","(549, 0.0664999918791268)","(74, 0.07656715906583715)"
"(60, 0.10870485304268218)","(133, 0.0)","(54, 0.04485747869059644)","(64, 0.06630933176103533)","(501, 0.07644427925245678)"
"(587, 0.10837418010656535)","(134, 0.0)","(552, 0.04465050890377243)","(502, 0.06611712020648966)","(71, 0.07608610939079027)"
"(560, 0.10783639588552585)","(136, 0.0)","(605, 0.044417209996632026)","(499, 0.0657223458528485)","(75, 0.07598827315457651)"
"(624, 0.10782458532606204)","(137, 0.0)","(537, 0.043961001885641435)","(614, 0.0653939499626488)","(542, 0.0759699151911365)"
"(622, 0.10778349064160467)","(138, 0.0)","(603, 0.04347187366051015)","(663, 0.06536850526257705)","(287, 0.07566391030551547)"
"(52, 0.10753725856618747)","(141, 0.0)","(19, 0.0433636866192822)","(47, 0.06496061402000047)","(548, 0.07559407473751217)"
"(600, 0.10738735774100631)","(142, 0.0)","(71, 0.04331419572693955)","(548, 0.0646539213231817)","(234, 0.07545158250345675)"
"(190, 0.10692587364162287)","(146, 0.0)","(627, 0.04315806411286959)","(638, 0.06437131336488888)","(391, 0.07534448326986148)"
"(329, 0.10689920683769404)","(149, 0.0)","(131, 0.043153886492315434)","(128, 0.06417748903698002)","(31, 0.07499373718793895)"
"(667, 0.10675377778607832)","(15, 0.0)","(293, 0.04302651518268735)","(544, 0.06401824021087146)","(332, 0.07478482643970294)"
"(668, 0.10661341062215064)","(150, 0.0)","(209, 0.042724651844123746)","(467, 0.0639642926115197)","(511, 0.07470093202119994)"
"(98, 0.10636078135001707)","(151, 0.0)","(678, 0.042424649367954925)","(506, 0.0639539943979507)","(533, 0.0744700259169558)"
"(40, 0.10627426215675105)","(153, 0.0)","(604, 0.04220342453818302)","(545, 0.06372935784988379)","(294, 0.07438492727724665)"
"(633, 0.1051678424389112)","(155, 0.0)","(480, 0.04165249973023498)","(580, 0.06370353832640197)","(414, 0.07436289957028643)"
"(662, 0.10499332822999699)","(157, 0.0)","(540, 0.04127563761019995)","(498, 0.06333196686054399)","(70, 0.07418490515389885)"
"(611, 0.1042898402819167)","(158, 0.0)","(194, 0.04108835438911965)","(497, 0.06328788888271031)","(636, 0.07415661883507829)"
"(427, 0.10428187836085998)","(159, 0.0)","(486, 0.04075583255158667)","(505, 0.06324689431952776)","(261, 0.07395898022707804)"
"(569, 0.1040485473590675)","(16, 0.0)","(479, 0.04031075253632976)","(105, 0.06260738470232596)","(493, 0.07392595171279978)"
"(212, 0.10341674449656828)","(160, 0.0)","(59, 0.04026738362283548)","(494, 0.06215793833896799)","(433, 0.07381326672768009)"
"(645, 0.10334428362786442)","(161, 0.0)","(328, 0.039530330141661504)","(523, 0.061953783620687916)","(295, 0.0737523057980615)"
"(623, 0.10185121478974626)","(162, 0.0)","(589, 0.039432382716845425)","(70, 0.06193381733719845)","(556, 0.07368631347899426)"
"(643, 0.10177352363810924)","(163, 0.0)","(113, 0.0392093011883811)","(58, 0.061834462834503376)","(427, 0.07359335075019693)"
"(642, 0.10150272912648443)","(165, 0.0)","(487, 0.03864947835472553)","(96, 0.06168402300083643)","(222, 0.07350316584964592)"
"(277, 0.10106292313361845)","(166, 0.0)","(598, 0.03823534028727632)","(495, 0.06156388624577134)","(494, 0.07340994057496077)"
"(276, 0.10100783471609336)","(167, 0.0)","(159, 0.03806202161139763)","(71, 0.06068924036024356)","(495, 0.07329334653530213)"
"(539, 0.10089274377428031)","(168, 0.0)","(425, 0.03765218526682019)","(490, 0.06012792752236831)","(271, 0.07325165235132518)"
"(278, 0.10077272768779917)","(169, 0.0)","(574, 0.03731052862372276)","(504, 0.05999127589029873)","(64, 0.07305206436615831)"
"(287, 0.10045043547937499)","(17, 0.0)","(324, 0.03668881055676418)","(123, 0.05990673603298767)","(184, 0.07298898694591088)"
"(279, 0.10033273923756347)","(170, 0.0)","(458, 0.0365177145569674)","(610, 0.05905657951791344)","(128, 0.0728434681025484)"
"(641, 0.10028975931797485)","(173, 0.0)","(443, 0.0364834877383202)","(611, 0.05695472275703661)","(26, 0.07276408161210945)"
"(261, 0.10012501626888408)","(174, 0.0)","(155, 0.03623087537403936)","(297, 0.056774982098757906)","(155, 0.07275677029184734)"
"(664, 0.09935925798730563)","(175, 0.0)","(584, 0.036101837968348524)","(577, 0.05549706092923606)","(565, 0.07259713911785987)"
"(666, 0.099354343644191)","(176, 0.0)","(585, 0.03609900338720932)","(443, 0.05537583958119134)","(508, 0.07253519113439713)"
"(665, 0.0993483979908997)","(177, 0.0)","(583, 0.03609134387365408)","(300, 0.054574880460100464)","(523, 0.07244418322354387)"
"(285, 0.09872146480129337)","(178, 0.0)","(457, 0.035749842758784296)","(140, 0.05437046272953553)","(300, 0.07236280793086275)"
"(596, 0.09855387477889872)","(179, 0.0)","(184, 0.03552890013937144)","(76, 0.05431800058933973)","(41, 0.07228473522270878)"
"(651, 0.0981433099091605)","(18, 0.0)","(578, 0.0353245722822528)","(510, 0.054079388130948695)","(256, 0.07207367836510521)"
"(674, 0.09789138602030348)","(180, 0.0)","(407, 0.03528837487468072)","(155, 0.05398019659642156)","(422, 0.07205816770283148)"
"(273, 0.09758698725350122)","(181, 0.0)","(573, 0.035120523232242185)","(456, 0.05388213768984591)","(500, 0.07195302251992274)"
"(26, 0.09752980397838718)","(182, 0.0)","(439, 0.03510188455652702)","(457, 0.0532569362038784)","(621, 0.07151709446327945)"
"(134, 0.09744860350876192)","(183, 0.0)","(426, 0.035058133092758716)","(124, 0.05294505399754058)","(488, 0.07147493441794703)"
"(123, 0.0971880327079175)","(184, 0.0)","(444, 0.034970694750693455)","(131, 0.05277725069510898)","(89, 0.07143080192078642)"
"(230, 0.09692673006528753)","(186, 0.0)","(271, 0.034556901769334396)","(470, 0.052719361443551174)","(59, 0.07138766262065036)"
"(272, 0.09670363759426645)","(201, 0.0)","(571, 0.03437152691447239)","(309, 0.0526161030261296)","(244, 0.0710788423248312)"
"(675, 0.09635578917829572)","(208, 0.0)","(539, 0.03427012993492915)","(444, 0.052469412823919266)","(188, 0.0709376661199136)"
"(271, 0.0958046364733266)","(209, 0.0)","(309, 0.03424038647995478)","(308, 0.052279609515466265)","(650, 0.07091493510053908)"
"(620, 0.09523249018754912)","(21, 0.0)","(277, 0.03421430885159468)","(645, 0.05208237081300207)","(597, 0.07091179826377947)"
"(124, 0.09508875050390286)","(212, 0.0)","(456, 0.034207462016360386)","(516, 0.05203749782163308)","(65, 0.07085115299645348)"
"(130, 0.09494575496101353)","(215, 0.0)","(433, 0.034113976014899405)","(452, 0.052026611553769773)","(649, 0.07078919083177379)"
"(234, 0.09409656776304055)","(216, 0.0)","(438, 0.034083235156573105)","(45, 0.051983803340845486)","(44, 0.07078266032566237)"
"(586, 0.09402065747198708)","(217, 0.0)","(276, 0.03402375445231423)","(125, 0.05164501639497144)","(309, 0.07066462483848515)"
"(126, 0.09315494186422948)","(218, 0.0)","(428, 0.03398335723047657)","(12, 0.05137529240647537)","(268, 0.07056868720050383)"
"(585, 0.09294113319609726)","(22, 0.0)","(440, 0.03397572995708796)","(469, 0.05136357274063392)","(27, 0.07034440804280451)"
"(105, 0.09240933906436398)","(224, 0.0)","(626, 0.03392034075686586)","(14, 0.05082920996330519)","(503, 0.07029755319912526)"
"(571, 0.09180907130994455)","(229, 0.0)","(278, 0.03385964240317)","(304, 0.05071039454562863)","(293, 0.07026973871393943)"
"(8, 0.09170901546574037)","(23, 0.0)","(308, 0.03381401986341775)","(134, 0.050389572143134435)","(308, 0.0702155608156122)"
"(582, 0.09108120849596216)","(231, 0.0)","(140, 0.03372946754284091)","(652, 0.05011684305520501)","(114, 0.07017189880173458)"
"(179, 0.09077737355641197)","(233, 0.0)","(279, 0.03367592933580681)","(148, 0.049497463803962645)","(681, 0.06999205178407224)"
"(636, 0.0903683746332093)","(237, 0.0)","(472, 0.033585244506407805)","(461, 0.04924557212235928)","(589, 0.06996279006850809)"
"(155, 0.08999168646770764)","(24, 0.0)","(36, 0.03352038684481231)","(307, 0.04920504272264262)","(90, 0.06983267337719365)"
"(275, 0.08929001105403532)","(240, 0.0)","(33, 0.03338963216130298)","(445, 0.04919772065431031)","(304, 0.06981612559744056)"
"(178, 0.08894738410503739)","(242, 0.0)","(161, 0.03335288451039133)","(462, 0.04918083086755103)","(583, 0.06960041017138659)"
"(274, 0.08880845541432311)","(243, 0.0)","(31, 0.03332436829446152)","(446, 0.04913214660051367)","(640, 0.06933878386215067)"
"(644, 0.0887617192534035)","(244, 0.0)","(470, 0.033025830121537356)","(465, 0.049087757844465674)","(207, 0.06914488405698956)"
"(595, 0.08867316867632934)","(245, 0.0)","(290, 0.0329456572829324)","(447, 0.04904899661596007)","(464, 0.06885026624152331)"
"(158, 0.08846894868634783)","(247, 0.0)","(30, 0.03294168842837104)","(129, 0.04900834828536967)","(275, 0.06838457136891245)"
"(578, 0.08798678374204952)","(248, 0.0)","(43, 0.0327721586147818)","(487, 0.04847195008661147)","(522, 0.06838400718748676)"
"(594, 0.08787746730772845)","(25, 0.0)","(18, 0.03268153191447689)","(30, 0.04816297198886328)","(593, 0.06832695769623995)"
"(58, 0.08766146526074811)","(250, 0.0)","(233, 0.032559439960147284)","(73, 0.04784385037114234)","(277, 0.06823794708590565)"
"(169, 0.08756403224936314)","(251, 0.0)","(471, 0.03254495952328164)","(204, 0.04762046154147449)","(276, 0.06801800223864533)"
"(307, 0.08689862771603991)","(252, 0.0)","(445, 0.03242379309224532)","(147, 0.04718322683984548)","(614, 0.06797768894833145)"
"(640, 0.08689011594171515)","(253, 0.0)","(167, 0.032413157940909224)","(459, 0.04711904841461926)","(279, 0.0678569985697959)"
"(597, 0.08680568642908282)","(256, 0.0)","(420, 0.032400664846979885)","(126, 0.046877944768600896)","(278, 0.06779525982159966)"
"(188, 0.08661138065447023)","(26, 0.0)","(272, 0.03238070459127404)","(113, 0.04674946359470104)","(536, 0.0673970245973541)"
"(131, 0.08623938560735485)","(261, 0.0)","(446, 0.032346156089712225)","(165, 0.04671696950001784)","(29, 0.06715270274088897)"
"(160, 0.08526554090062863)","(263, 0.0)","(465, 0.0323428443146777)","(159, 0.046486744781339726)","(274, 0.06713670944898532)"
"(219, 0.08505987308812656)","(267, 0.0)","(42, 0.032316564849525414)","(298, 0.04623019470311199)","(613, 0.06712467245757281)"
"(617, 0.08482203109322992)","(268, 0.0)","(447, 0.03225750154375171)","(458, 0.04583259784912595)","(439, 0.0670026028831243)"
"(654, 0.0846122812861676)","(27, 0.0)","(199, 0.032050006151440304)","(21, 0.045435707978806486)","(612, 0.06687684216834162)"
"(170, 0.084290088211304)","(270, 0.0)","(300, 0.03203194094271644)","(471, 0.04515285253537563)","(273, 0.06686699446230748)"
"(54, 0.08333021314084901)","(271, 0.0)","(273, 0.032004579441575164)","(460, 0.04498510867988333)","(491, 0.06664922048385272)"
"(121, 0.08297148515041863)","(272, 0.0)","(287, 0.0319349787275949)","(46, 0.04488159059391596)","(62, 0.0665535180065715)"
"(655, 0.08266108248966687)","(273, 0.0)","(274, 0.03176962052962378)","(603, 0.04477982789076478)","(639, 0.0665287970561265)"
"(132, 0.08220454154624324)","(274, 0.0)","(44, 0.03173461011439951)","(72, 0.04459674324284764)","(272, 0.0664673483810324)"
"(583, 0.08205843656182978)","(275, 0.0)","(460, 0.03171279223935953)","(167, 0.0442695488654191)","(181, 0.06640082651615062)"
"(104, 0.08199708793626487)","(276, 0.0)","(46, 0.031692940748726445)","(466, 0.04414697864743241)","(310, 0.06626511543640061)"
"(327, 0.08181125449909281)","(277, 0.0)","(15, 0.03161365416959051)","(604, 0.04383447487813323)","(631, 0.06623122577178338)"
"(127, 0.08153113401772638)","(278, 0.0)","(652, 0.031532977851018995)","(13, 0.043834038878147144)","(164, 0.0662072231581712)"
"(253, 0.0809395737359294)","(279, 0.0)","(45, 0.03145324671595164)","(192, 0.04357173009281872)","(492, 0.06612640357096311)"
"(318, 0.07887312595250819)","(28, 0.0)","(452, 0.03143494117435915)","(472, 0.04357134867581871)","(139, 0.0660941201234323)"
"(661, 0.07797246330989813)","(285, 0.0)","(569, 0.03130533592352217)","(169, 0.043411897890217356)","(417, 0.06594071200681718)"
"(125, 0.0776389353720316)","(287, 0.0)","(148, 0.03126796051449544)","(605, 0.043347772696132686)","(539, 0.06588317801561538)"
"(163, 0.07760249070999786)","(29, 0.0)","(469, 0.03111774266075647)","(150, 0.04316403851982954)","(646, 0.06576795798578064)"
"(133, 0.07748311847375652)","(290, 0.0)","(461, 0.031110539737341937)","(161, 0.04283703399977133)","(638, 0.06569217868421749)"
"(520, 0.07718734089965634)","(291, 0.0)","(462, 0.031104548952144803)","(468, 0.042644551588456675)","(76, 0.06557686252890775)"
"(1, 0.07583000228635843)","(292, 0.0)","(47, 0.031102649283455974)","(143, 0.0424850744712743)","(285, 0.0655144691428508)"
"(151, 0.0754669529482812)","(294, 0.0)","(143, 0.031101044933188115)","(139, 0.0421959637195419)","(418, 0.06546831458531605)"
"(598, 0.07516516195164388)","(295, 0.0)","(296, 0.031088640430533183)","(133, 0.042057548841504706)","(498, 0.06542644443066933)"
"(581, 0.07477897515294145)","(296, 0.0)","(57, 0.031057591571863486)","(145, 0.04180037716167735)","(97, 0.065371453647507)"
"(563, 0.07471976153706505)","(297, 0.0)","(392, 0.030981888769101282)","(598, 0.04161471715712513)","(535, 0.06536522119656964)"
"(626, 0.07433178772275659)","(298, 0.0)","(466, 0.03092963387512769)","(275, 0.041421461464828654)","(506, 0.06528436443043366)"
"(144, 0.07402766448338141)","(299, 0.0)","(275, 0.03088335296714638)","(583, 0.041090145684180346)","(153, 0.0651707035604184)"
"(263, 0.07323227552336986)","(3, 0.0)","(270, 0.03080552010116923)","(268, 0.04106457118651248)","(440, 0.06513693617746688)"
"(217, 0.07314613593121612)","(30, 0.0)","(292, 0.030595458111315567)","(27, 0.04099504063760979)","(534, 0.06504076056888233)"
"(143, 0.07295759212069257)","(300, 0.0)","(291, 0.030555323121649956)","(233, 0.04066231305916162)","(17, 0.06489058443646942)"
"(616, 0.07237490773576005)","(301, 0.0)","(510, 0.030546835366938512)","(560, 0.040399273337707174)","(497, 0.06478167568871322)"
"(532, 0.07221133890728723)","(302, 0.0)","(429, 0.030444230333618958)","(135, 0.04038078384598524)","(489, 0.06475114001765053)"
"(256, 0.07175421676878593)","(303, 0.0)","(388, 0.03041871762137182)","(144, 0.04027373791611294)","(231, 0.06466009866282538)"
"(147, 0.07149838402756847)","(304, 0.0)","(154, 0.03029306588732948)","(130, 0.0402678500825621)","(50, 0.06465783165033598)"
"(90, 0.07132751575387555)","(305, 0.0)","(285, 0.030278176059780573)","(617, 0.04013777393276744)","(428, 0.06461766820635817)"
"(292, 0.07101905498625513)","(306, 0.0)","(298, 0.03015696461525356)","(274, 0.04012484961444722)","(221, 0.06459244547595155)"
"(194, 0.07095923942615734)","(307, 0.0)","(599, 0.030156761983418812)","(36, 0.039843269792555)","(509, 0.06446391784260433)"
"(331, 0.07090611172927021)","(308, 0.0)","(124, 0.030011397178272635)","(122, 0.03952277862316504)","(189, 0.06443401305578124)"
"(128, 0.07078228763454907)","(309, 0.0)","(37, 0.029818713550111273)","(67, 0.039520819242402534)","(298, 0.06438504874999437)"
"(588, 0.07065975750426177)","(31, 0.0)","(20, 0.029747871416255952)","(302, 0.03951050050538051)","(112, 0.06434758828553394)"
"(291, 0.07063270420495905)","(310, 0.0)","(261, 0.029693970498329423)","(120, 0.03905366424124211)","(664, 0.0642999159653725)"
"(22, 0.07029329309923882)","(312, 0.0)","(310, 0.029541358924342044)","(317, 0.039023322096591546)","(665, 0.06417643686911063)"
"(663, 0.07018223467494493)","(313, 0.0)","(587, 0.029539861964238485)","(599, 0.03896392211124334)","(208, 0.06415946392780034)"
"(122, 0.0696413665872891)","(317, 0.0)","(128, 0.029530941032671704)","(234, 0.03886774906343334)","(666, 0.06407100623063502)"
"(120, 0.06921915240646173)","(318, 0.0)","(38, 0.02942126610879681)","(285, 0.03879260496052537)","(623, 0.06400829409494027)"
"(162, 0.06907612470223731)","(319, 0.0)","(565, 0.029394156773266678)","(31, 0.03877810300990728)","(183, 0.06395719160719134)"
"(96, 0.06891511291583806)","(32, 0.0)","(541, 0.02929424095741815)","(207, 0.038609677794057745)","(39, 0.06387462466422994)"
"(161, 0.06871474803901391)","(320, 0.0)","(183, 0.029137244510736637)","(660, 0.03849375769141757)","(185, 0.06385422313009281)"
"(173, 0.06852055918034466)","(321, 0.0)","(268, 0.029084973986420543)","(517, 0.03848306313493328)","(416, 0.06360107799380951)"
"(71, 0.06810927221527856)","(322, 0.0)","(581, 0.029005742851636207)","(181, 0.038477086491198194)","(248, 0.06350769634112814)"
"(28, 0.06791803732342996)","(323, 0.0)","(617, 0.028991300366354573)","(117, 0.03832135465965303)","(9, 0.06329201232326966)"
"(153, 0.06773057251085156)","(324, 0.0)","(165, 0.028971341538074707)","(6, 0.03819792576369629)","(290, 0.06313902881719356)"
"(599, 0.06759989171109362)","(325, 0.0)","(27, 0.028887846034792164)","(261, 0.03817727575596859)","(12, 0.06285161935186458)"
"(57, 0.06734625006995179)","(326, 0.0)","(413, 0.02886947267584464)","(66, 0.03811913103872821)","(250, 0.06280112834700453)"
"(116, 0.06666158636119734)","(328, 0.0)","(53, 0.028818203563838695)","(190, 0.03802449739084328)","(51, 0.06272791018292448)"
"(301, 0.0666363143006824)","(329, 0.0)","(547, 0.028777084915851056)","(222, 0.03783446542473155)","(108, 0.06271185523483717)"
"(615, 0.06613349430567692)","(330, 0.0)","(597, 0.02865873367071926)","(672, 0.037827189817231065)","(202, 0.06265043520822285)"
"(618, 0.0660195673974799)","(331, 0.0)","(6, 0.028609494035784007)","(132, 0.037737596391073304)","(252, 0.06259236171884047)"
"(149, 0.06578777950536602)","(332, 0.0)","(114, 0.028512116095436302)","(256, 0.03770588459714488)","(251, 0.062490941020644085)"
"(245, 0.06572562695189628)","(34, 0.0)","(467, 0.028511403398929793)","(581, 0.03766443028621358)","(15, 0.06247176324597649)"
"(6, 0.06546507639802407)","(35, 0.0)","(532, 0.028493762793152144)","(585, 0.037662369368960585)","(43, 0.06231520080005879)"
"(244, 0.06538008792397906)","(383, 0.0)","(406, 0.028330793936090636)","(116, 0.03756732570906401)","(87, 0.062299144921145286)"
"(129, 0.0648871128102533)","(384, 0.0)","(556, 0.02832599691098345)","(584, 0.03752383837413113)","(619, 0.062232637008870655)"
"(138, 0.0645478005221305)","(385, 0.0)","(389, 0.02827990714905448)","(174, 0.037471288083552226)","(93, 0.062121822273941134)"
"(579, 0.0640848700641925)","(386, 0.0)","(26, 0.028216514553774462)","(121, 0.03746785776781078)","(429, 0.06211238883673128)"
"(300, 0.06406794755732335)","(387, 0.0)","(400, 0.02814763915102361)","(188, 0.03743457216748204)","(166, 0.062003634814358666)"
"(240, 0.06394289408811638)","(388, 0.0)","(393, 0.02811555977361534)","(559, 0.03731340949588967)","(77, 0.061875578844173336)"
"(70, 0.06373720871404208)","(389, 0.0)","(394, 0.028066862700523318)","(463, 0.03727851070063761)","(86, 0.06173213573578245)"
"(242, 0.06324254796756218)","(39, 0.0)","(250, 0.02797397304203487)","(115, 0.03726893701802161)","(507, 0.061717506802810025)"
"(243, 0.06321476888371759)","(390, 0.0)","(546, 0.027944276759749056)","(26, 0.037057663094440356)","(92, 0.06164608340113884)"
"(29, 0.06302222451799132)","(391, 0.0)","(115, 0.02773611642050661)","(277, 0.037027173999806234)","(270, 0.06156798394633083)"
"(80, 0.06301373975248065)","(392, 0.0)","(580, 0.027704337748926913)","(294, 0.0370069654524729)","(4, 0.06153051900346625)"
"(76, 0.06264123594992865)","(393, 0.0)","(252, 0.027694581474248338)","(295, 0.036902954751798084)","(610, 0.0615144116585476)"
"(30, 0.062294799528866816)","(394, 0.0)","(323, 0.027684326087387683)","(276, 0.036866771595264636)","(292, 0.061456579695280386)"
"(176, 0.06228643348268434)","(395, 0.0)","(402, 0.02766611162300564)","(278, 0.036741932578771584)","(291, 0.061342150326715264)"
"(660, 0.06203379772789801)","(397, 0.0)","(34, 0.027646632531563676)","(541, 0.03673162816149326)","(150, 0.06132199284551227)"
"(66, 0.06177269642391476)","(398, 0.0)","(251, 0.027645376243989824)","(587, 0.03663060902687793)","(16, 0.061249222570343376)"
"(166, 0.06174767322662655)","(399, 0.0)","(304, 0.02761102188733756)","(475, 0.03662669407443243)","(253, 0.061003822696486916)"
"(584, 0.061117665959096644)","(4, 0.0)","(207, 0.027600451752021967)","(17, 0.03662016230603222)","(209, 0.06097723464532821)"
"(113, 0.060891915220363566)","(40, 0.0)","(625, 0.02751173040620382)","(279, 0.036611351245948706)","(398, 0.060757388885838925)"
"(297, 0.05984776710433113)","(400, 0.0)","(520, 0.02748580655516906)","(476, 0.036557513098212535)","(83, 0.060669910699491535)"
"(93, 0.05972389109279593)","(401, 0.0)","(593, 0.027305998841473427)","(593, 0.036422375474348984)","(158, 0.06058285169342471)"
"(186, 0.05922909231430418)","(402, 0.0)","(383, 0.027287386642526393)","(53, 0.036224118873728825)","(174, 0.060575494563946654)"
"(309, 0.0591869534538119)","(406, 0.0)","(35, 0.027239973318531865)","(127, 0.03602299870292795)","(625, 0.0605037958884379)"
"(308, 0.05895679747144394)","(407, 0.0)","(105, 0.027231367422117)","(248, 0.035817673263730004)","(504, 0.060292802784558217)"
"(310, 0.0576746585523337)","(41, 0.0)","(397, 0.027100417117475895)","(473, 0.03581324315776325)","(30, 0.060237065727081325)"
"(248, 0.05748300112908647)","(410, 0.0)","(638, 0.02706010760789354)","(1, 0.035796966532318196)","(125, 0.060170602920396644)"
"(175, 0.057336416102997785)","(412, 0.0)","(29, 0.02703047781695089)","(153, 0.035673610474849675)","(505, 0.06003323792646309)"
"(103, 0.057335982525927864)","(413, 0.0)","(331, 0.027013410558938345)","(250, 0.03558631225710401)","(142, 0.0599368195023266)"
"(182, 0.057132769507679156)","(414, 0.0)","(560, 0.026962987586012142)","(619, 0.03555863429897919)","(420, 0.05987518746827456)"
"(294, 0.05703498433214414)","(415, 0.0)","(459, 0.026812186509062294)","(209, 0.035480731229387594)","(72, 0.05977920932621135)"
"(295, 0.05701828316013967)","(416, 0.0)","(516, 0.02673301336723543)","(252, 0.03547392695101274)","(49, 0.059754859929058136)"
"(10, 0.05681706836964857)","(417, 0.0)","(228, 0.026677338451371317)","(251, 0.035462029042396544)","(42, 0.05967505824849107)"
"(31, 0.05670288224614162)","(418, 0.0)","(181, 0.026608562499447784)","(310, 0.03541054514832968)","(467, 0.059529289547162786)"
"(74, 0.05621444193092783)","(42, 0.0)","(186, 0.02654263285747599)","(574, 0.03540554285781754)","(186, 0.05948228158606064)"
"(293, 0.05605424355048794)","(420, 0.0)","(619, 0.026372710639180102)","(271, 0.035312258524184875)","(673, 0.05947078926184708)"
"(75, 0.0557755757185511)","(421, 0.0)","(468, 0.026318144946861254)","(600, 0.0353122554763629)","(23, 0.05946066086102227)"
"(296, 0.05574859124747149)","(422, 0.0)","(253, 0.02625623433087046)","(60, 0.035235031013043996)","(297, 0.05930498747917519)"
"(12, 0.05551401606061501)","(423, 0.0)","(325, 0.026247510211003022)","(312, 0.035132116643018525)","(448, 0.059296581577795514)"
"(233, 0.05526072539157176)","(424, 0.0)","(158, 0.02624014616247611)","(389, 0.03511758316469993)","(399, 0.059188575170775554)"
"(84, 0.054974510978659)","(425, 0.0)","(240, 0.026073122368882897)","(482, 0.03486252649349413)","(496, 0.05889365713026575)"
"(18, 0.054968515116938815)","(426, 0.0)","(256, 0.02601751748691978)","(479, 0.034631553338820585)","(95, 0.0588181355738113)"
"(652, 0.05467446203382335)","(427, 0.0)","(330, 0.025903771452550867)","(184, 0.03462836113681017)","(165, 0.058710302170031405)"
"(304, 0.05439109684133534)","(428, 0.0)","(145, 0.025863823689868906)","(303, 0.03451050868425935)","(194, 0.05857330142500745)"
"(19, 0.05329237914199124)","(429, 0.0)","(415, 0.02584412239907458)","(595, 0.03446895455569995)","(206, 0.0585126803809729)"
"(317, 0.05279229579283581)","(43, 0.0)","(58, 0.025821054664500697)","(594, 0.034202663626114675)","(122, 0.05827306229303707)"
"(81, 0.05167569402157498)","(433, 0.0)","(534, 0.025776658219094924)","(270, 0.034133854385082416)","(487, 0.05821645223904645)"
"(97, 0.05106751930968668)","(438, 0.0)","(169, 0.025764586516509737)","(244, 0.03399454437950806)","(423, 0.05817333595027241)"
"(69, 0.051011435145886644)","(439, 0.0)","(307, 0.025746381174280502)","(474, 0.033901826813043705)","(516, 0.057633689981454864)"
"(191, 0.050921995030674995)","(44, 0.0)","(135, 0.025725654265444393)","(186, 0.03387255667245842)","(226, 0.05745245915492784)"
"(227, 0.050854581270651976)","(440, 0.0)","(242, 0.025680918284317702)","(486, 0.03375605034316153)","(233, 0.05735992463246595)"
"(458, 0.05031701248454203)","(441, 0.0)","(582, 0.025674640287121357)","(625, 0.03348415755254113)","(224, 0.05723689557191616)"
"(7, 0.05012485847977607)","(442, 0.0)","(595, 0.02561404935403572)","(485, 0.03347814556489935)","(124, 0.057195543138427105)"
"(189, 0.050018502454056514)","(518, 0.0)","(243, 0.02560793718871619)","(22, 0.03340869590009203)","(3, 0.05714674785976654)"
"(87, 0.04997199168993798)","(519, 0.0)","(600, 0.02544864259970843)","(324, 0.03319607047723491)","(149, 0.057094513119984695)"
"(299, 0.04984461961521579)","(52, 0.0)","(613, 0.025441849002254685)","(29, 0.033183139927616775)","(499, 0.05707114269493648)"
"(157, 0.04983132878274184)","(520, 0.0)","(624, 0.025435014081660445)","(328, 0.03317909891350358)","(390, 0.05673291343402476)"
"(73, 0.049248769061824)","(521, 0.0)","(612, 0.02539791927383554)","(48, 0.03314145775646702)","(240, 0.056727183617933434)"
"(443, 0.04883685561795524)","(522, 0.0)","(535, 0.025397907129857535)","(290, 0.03313018480853392)","(219, 0.056644912627918036)"
"(14, 0.04883422194280464)","(523, 0.0)","(635, 0.025172689800329127)","(18, 0.03310287740621678)","(136, 0.056496283500762426)"
"(86, 0.04868882865148181)","(524, 0.0)","(463, 0.02516679308759758)","(273, 0.03307399458030537)","(502, 0.0562605791261129)"
"(516, 0.047809666315037615)","(528, 0.0)","(60, 0.025137718012261695)","(539, 0.03305383462318005)","(611, 0.05624944575658259)"
"(21, 0.047241697604370254)","(529, 0.0)","(533, 0.025116213726825952)","(481, 0.03301050777034594)","(243, 0.05619226729871415)"
"(444, 0.046599743225319096)","(53, 0.0)","(594, 0.02506746989402327)","(480, 0.03299282882795658)","(634, 0.05619113035842866)"
"(448, 0.046349063462951444)","(530, 0.0)","(248, 0.025033678875748228)","(478, 0.03299092970305798)","(140, 0.05614580955966084)"
"(629, 0.046264856729310626)","(531, 0.0)","(559, 0.024907277330143314)","(272, 0.032944957798373135)","(242, 0.055977324387626495)"
"(457, 0.04614920962368024)","(532, 0.0)","(14, 0.024855073814793543)","(407, 0.032845627184252206)","(14, 0.05569936090726197)"
"(290, 0.04609275706835602)","(533, 0.0)","(615, 0.024833389905157464)","(164, 0.03280923594773543)","(94, 0.05539055253401009)"
"(64, 0.0460667959322129)","(534, 0.0)","(517, 0.024783451863419674)","(10, 0.0325305887883022)","(318, 0.05532665419567859)"
"(167, 0.04541489771563641)","(535, 0.0)","(73, 0.02470011104686004)","(240, 0.03227542258914385)","(123, 0.055220715602984936)"
"(231, 0.04531118192174465)","(536, 0.0)","(421, 0.02467215293795566)","(397, 0.03198793137615603)","(115, 0.055055797613655956)"
"(303, 0.04513884444811761)","(537, 0.0)","(147, 0.02466077281879364)","(243, 0.03174810050074088)","(20, 0.055034191881712914)"
"(456, 0.044737879908415615)","(538, 0.0)","(2, 0.024626032366783582)","(242, 0.03173236659124801)","(615, 0.0548592314856694)"
"(459, 0.04469544408557531)","(539, 0.0)","(410, 0.024577645022240937)","(226, 0.03172608549570649)","(578, 0.05475319986529922)"
"(3, 0.044443329360167)","(54, 0.0)","(17, 0.024460512419712494)","(588, 0.031725241943254254)","(462, 0.05444012838090003)"
"(445, 0.044369436998995836)","(540, 0.0)","(387, 0.024394621935317638)","(555, 0.03171037476156494)","(215, 0.05440859940530993)"
"(72, 0.044367040945822465)","(541, 0.0)","(606, 0.024251536405397404)","(202, 0.031635129916619716)","(461, 0.05436663337028031)"
"(83, 0.04432250770084244)","(542, 0.0)","(549, 0.02417273810175481)","(322, 0.031586542486653706)","(629, 0.05423241398349905)"
"(446, 0.04427738853834423)","(543, 0.0)","(524, 0.024123373819461984)","(3, 0.031581305334007714)","(133, 0.05421956578937635)"
"(447, 0.044171400950809535)","(544, 0.0)","(52, 0.024090185182901087)","(158, 0.03141826870084481)","(18, 0.0542080315567064)"
"(204, 0.04374346284709742)","(545, 0.0)","(13, 0.024033777894463253)","(388, 0.03134924816802393)","(228, 0.05343558197395097)"
"(580, 0.043661955803652584)","(546, 0.0)","(588, 0.024001874236703767)","(606, 0.03130312885503447)","(490, 0.0533097346523558)"
"(465, 0.043374681421791295)","(547, 0.0)","(528, 0.023892403922062943)","(215, 0.031284618008259664)","(177, 0.05325211267784757)"
"(462, 0.04326756791172368)","(548, 0.0)","(206, 0.023846841760551716)","(154, 0.031174671078519147)","(457, 0.05321867900166071)"
"(461, 0.04324677355192855)","(549, 0.0)","(384, 0.02378500557169928)","(607, 0.030873065776867745)","(173, 0.052431864937232724)"
"(92, 0.04322745288997084)","(55, 0.0)","(332, 0.02373729208961765)","(415, 0.030845492584285015)","(79, 0.052184559250893214)"
"(464, 0.04304996938660698)","(550, 0.0)","(607, 0.023642840776264076)","(578, 0.03083025171499877)","(5, 0.051863919614974024)"
"(305, 0.04269275160636978)","(551, 0.0)","(611, 0.023601529739000517)","(413, 0.030689813636260378)","(616, 0.051491266147886655)"
"(306, 0.042605937205635803)","(552, 0.0)","(244, 0.023565455396333427)","(15, 0.030685397434122158)","(247, 0.05138419220938252)"
"(177, 0.042541790158342384)","(554, 0.0)","(614, 0.023504879311131478)","(287, 0.03043323334717083)","(296, 0.05128977972830451)"
"(46, 0.04234328565715788)","(555, 0.0)","(139, 0.023424484055739755)","(421, 0.030395973598337657)","(129, 0.05106518461174994)"
"(237, 0.042146090732440605)","(556, 0.0)","(3, 0.023364967306804936)","(33, 0.03039509543736292)","(579, 0.051028572961124445)"
"(184, 0.042028204980770784)","(558, 0.0)","(195, 0.023364053052073296)","(208, 0.030250264271785673)","(85, 0.050918163185434365)"
"(460, 0.042025658862132595)","(559, 0.0)","(523, 0.02319346804426947)","(424, 0.03016714431429296)","(178, 0.05090233434233737)"
"(250, 0.041840574933487334)","(560, 0.0)","(385, 0.02305751792784213)","(34, 0.03013534291783064)","(230, 0.05080646259565346)"
"(252, 0.041717226115163465)","(561, 0.0)","(144, 0.023041820247912768)","(221, 0.029971902325601152)","(306, 0.050796598037241854)"
"(251, 0.04167380007027297)","(562, 0.0)","(153, 0.023000215238645753)","(325, 0.029822480054960906)","(305, 0.050735239060963715)"
"(222, 0.04150278115903284)","(563, 0.0)","(208, 0.022850825901127955)","(114, 0.0297817589294747)","(263, 0.05069879807392543)"
"(312, 0.041398348804783866)","(564, 0.0)","(548, 0.02277381203955293)","(387, 0.029666119245676054)","(218, 0.05052774390431411)"
"(471, 0.041066868090164604)","(565, 0.0)","(230, 0.022683913892227292)","(37, 0.02956556439931075)","(582, 0.05050786009001534)"
"(85, 0.04104146914551057)","(568, 0.0)","(579, 0.022630162095730193)","(326, 0.02949616717731204)","(532, 0.0504143606510124)"
"(202, 0.041015112478069736)","(569, 0.0)","(616, 0.022628493499674638)","(524, 0.029165405255773727)","(187, 0.05025252989273838)"
"(15, 0.04091357803925721)","(57, 0.0)","(386, 0.022571226875803173)","(206, 0.028960747239941676)","(127, 0.050164930807524745)"
"(50, 0.040704593422934185)","(571, 0.0)","(412, 0.02243888121532762)","(38, 0.02895500861747085)","(197, 0.05009363673794323)"
"(501, 0.040637672077482256)","(572, 0.0)","(610, 0.022384953096685)","(331, 0.02890179493986371)","(217, 0.04998896617078567)"
"(470, 0.04061160802535524)","(573, 0.0)","(200, 0.022148754414457388)","(528, 0.028864557526668257)","(510, 0.049839291581304866)"
"(45, 0.04049324076796578)","(574, 0.0)","(391, 0.021836455340951827)","(615, 0.028615595272050952)","(193, 0.04979436970171611)"
"(452, 0.04030446442947215)","(575, 0.0)","(424, 0.021690311039216897)","(330, 0.028492568186599246)","(469, 0.04961899946891598)"
"(51, 0.04010658013111222)","(576, 0.0)","(660, 0.02166529580804356)","(296, 0.02840729239989675)","(167, 0.04945889806261092)"
"(469, 0.04002862687690601)","(577, 0.0)","(294, 0.02143373609334216)","(400, 0.02839804113775901)","(88, 0.04908086146043425)"
"(146, 0.039933370352574125)","(578, 0.0)","(322, 0.021402799114518187)","(219, 0.02826253027161008)","(11, 0.049015687213377866)"
"(47, 0.03896557717026877)","(579, 0.0)","(295, 0.02136156794635522)","(383, 0.02808974018825597)","(147, 0.048916629519324906)"
"(466, 0.03887452201945341)","(58, 0.0)","(66, 0.02136014693733313)","(628, 0.02792493336398966)","(176, 0.04885074262282669)"
"(168, 0.038562029171491895)","(580, 0.0)","(476, 0.021294491802780185)","(253, 0.027875249141719717)","(175, 0.04880384482240592)"
"(510, 0.03825588379576684)","(581, 0.0)","(628, 0.02127126598168023)","(392, 0.027756371997220242)","(626, 0.04865594596694682)"
"(88, 0.03779315304475081)","(582, 0.0)","(401, 0.021198762611299375)","(35, 0.027621376091116253)","(645, 0.04862954124143718)"
"(207, 0.03779240751510998)","(583, 0.0)","(475, 0.021190443904762025)","(189, 0.02723866148945132)","(620, 0.048623285789864766)"
"(215, 0.03753721841268632)","(584, 0.0)","(398, 0.021044883178556375)","(231, 0.027104333715945478)","(110, 0.048483399272870834)"
"(490, 0.037477887414654)","(585, 0.0)","(399, 0.02099191363291058)","(477, 0.026976373019005365)","(148, 0.048329857450223154)"
"(139, 0.037427123985795396)","(586, 0.0)","(4, 0.020820066191836368)","(616, 0.026842367121917326)","(168, 0.04806279427111569)"
"(208, 0.03671776778510218)","(587, 0.0)","(414, 0.020807962802940828)","(406, 0.02683847514798757)","(216, 0.04801635780767519)"
"(268, 0.036456710392015146)","(588, 0.0)","(542, 0.020652272717989684)","(292, 0.026800203242147273)","(126, 0.04749814538390911)"
"(27, 0.03642665767670938)","(589, 0.0)","(218, 0.020634592260718766)","(291, 0.02675655019995336)","(203, 0.04716918358512656)"
"(209, 0.03641688861409254)","(59, 0.0)","(326, 0.020610983620225325)","(62, 0.02647171542089281)","(73, 0.047147022224037265)"
"(183, 0.03634748488866062)","(590, 0.0)","(217, 0.020608482067728272)","(183, 0.0262714409588045)","(486, 0.04709543247917043)"
"(17, 0.03630704016862579)","(591, 0.0)","(482, 0.020576466249571976)","(629, 0.026211592745919447)","(132, 0.04700240917567869)"
"(164, 0.035931033469554896)","(592, 0.0)","(215, 0.020464420469762483)","(40, 0.026124440276425877)","(656, 0.046943868226866484)"
"(270, 0.03590749792958077)","(593, 0.0)","(317, 0.020389889653139096)","(398, 0.02596470026890236)","(134, 0.046920128439320155)"
"(506, 0.03586322577578559)","(594, 0.0)","(395, 0.02029481012541314)","(579, 0.025927196092428464)","(485, 0.046727071781548904)"
"(221, 0.03571055700534068)","(595, 0.0)","(544, 0.020144155201659856)","(399, 0.02591937770131701)","(113, 0.04655252134427784)"
"(509, 0.03508669798042197)","(596, 0.0)","(545, 0.020059333921050693)","(4, 0.025802306541668252)","(466, 0.04648171113643264)"
"(313, 0.03508427997990135)","(597, 0.0)","(473, 0.019843803382779416)","(142, 0.0257743836179237)","(317, 0.04643450758378926)"
"(468, 0.03501430098910107)","(598, 0.0)","(629, 0.019667574353920334)","(410, 0.025630617184360112)","(220, 0.04639299256530728)"
"(192, 0.03467075071944972)","(599, 0.0)","(48, 0.01959874268099849)","(218, 0.025601210873154045)","(472, 0.04636891048860307)"
"(463, 0.034614991575746164)","(6, 0.0)","(72, 0.019568001299879643)","(414, 0.0255620144498472)","(146, 0.04630112640609403)"
"(467, 0.03456623666376946)","(60, 0.0)","(481, 0.019537836302452958)","(582, 0.02555110697313858)","(179, 0.04590171616108061)"
"(2, 0.034481163902289176)","(600, 0.0)","(201, 0.019301509507136466)","(395, 0.025509445597948988)","(157, 0.045829825962063246)"
"(136, 0.033624800031065924)","(601, 0.0)","(327, 0.01905523078540402)","(391, 0.02546423908662242)","(102, 0.04541320451609109)"
"(145, 0.03357709301261016)","(603, 0.0)","(474, 0.018925235735046564)","(327, 0.0254297488962823)","(1, 0.045277921155206596)"
"(135, 0.033542993654686076)","(604, 0.0)","(122, 0.018851688312322708)","(217, 0.025299811286767344)","(45, 0.04523110654524775)"
"(226, 0.03336680161343098)","(605, 0.0)","(212, 0.018463487918234364)","(201, 0.02518474566894105)","(452, 0.04522744096450028)"
"(503, 0.03098842456616882)","(606, 0.0)","(477, 0.01839184932648189)","(393, 0.025156920840973984)","(470, 0.04520830260155604)"
"(302, 0.03098037393279811)","(607, 0.0)","(40, 0.018161719447851516)","(394, 0.02509884590665186)","(109, 0.04501415081555837)"
"(142, 0.030791921027594735)","(608, 0.0)","(478, 0.018127864730912612)","(323, 0.025023537651447065)","(201, 0.0449144793518647)"
"(49, 0.030452054071312556)","(609, 0.0)","(555, 0.01712309613899833)","(173, 0.024306823168501062)","(141, 0.04491295178852824)"
"(203, 0.030339265081219133)","(61, 0.0)","(22, 0.017086063255152183)","(402, 0.024264112924601466)","(28, 0.04489203779869953)"
"(511, 0.029928206524494877)","(610, 0.0)","(321, 0.016973109720614204)","(401, 0.023636230728979003)","(121, 0.04478680957646451)"
"(206, 0.029571371693485043)","(611, 0.0)","(485, 0.016793454086632895)","(321, 0.023608445178050594)","(465, 0.044778575782435985)"
"(508, 0.029509888387645823)","(612, 0.0)","(329, 0.016573709052727995)","(193, 0.02342798664167756)","(52, 0.0447639317655822)"
"(9, 0.028781239656589675)","(613, 0.0)","(196, 0.015781455949099323)","(194, 0.023317361173604452)","(303, 0.04471879573590651)"
"(195, 0.0287498185791846)","(614, 0.0)","(197, 0.012184168430174202)","(55, 0.02329560864775723)","(151, 0.044704867873015613)"
"(505, 0.02763522855911068)","(615, 0.0)","(319, 0.010858419788185945)","(197, 0.023273866641428883)","(456, 0.04467471021694429)"
"(140, 0.027521410714347546)","(616, 0.0)","(198, 0.009611737544008797)","(175, 0.02316394281383155)","(459, 0.04467377694093222)"
"(500, 0.027391203968400155)","(617, 0.0)","(104, 0.0030536858145136336)","(230, 0.023157146442548043)","(624, 0.044553065835124736)"
"(229, 0.02675218015193658)","(618, 0.0)","(98, 0.0)","(216, 0.02304407468948851)","(117, 0.04451171566225088)"
"(48, 0.026568224104887274)","(619, 0.0)","(1, 0.0)","(203, 0.022896647048593333)","(198, 0.04414288073028122)"
"(473, 0.025840888442784933)","(62, 0.0)","(10, 0.0)","(136, 0.022879311988448378)","(19, 0.04366712514223886)"
"(110, 0.025832639839834717)","(620, 0.0)","(100, 0.0)","(384, 0.022785650378966966)","(468, 0.04350329085861931)"
"(11, 0.02580615038914458)","(621, 0.0)","(101, 0.0)","(412, 0.022601202341925856)","(474, 0.04346487502928255)"
"(150, 0.025567478320198334)","(622, 0.0)","(102, 0.0)","(168, 0.022547217339255504)","(199, 0.04345856788417802)"
"(100, 0.025271324816201007)","(623, 0.0)","(103, 0.0)","(332, 0.022483254531316117)","(444, 0.043140694712401714)"
"(218, 0.025075590844283343)","(624, 0.0)","(116, 0.0)","(422, 0.022419158428164533)","(107, 0.04311404685386029)"
"(479, 0.025006727306477898)","(625, 0.0)","(117, 0.0)","(212, 0.02206486830085375)","(182, 0.042941285589434025)"
"(197, 0.024971655600214325)","(626, 0.0)","(120, 0.0)","(151, 0.021810470304654127)","(660, 0.04288744039622359)"
"(474, 0.024923786046936236)","(627, 0.0)","(121, 0.0)","(199, 0.02170910081657408)","(66, 0.04268211605508593)"
"(504, 0.024829285202674127)","(628, 0.0)","(125, 0.0)","(28, 0.021600236523199087)","(229, 0.04264917219759443)"
"(499, 0.02466402877596848)","(629, 0.0)","(126, 0.0)","(385, 0.021549024424753583)","(460, 0.042614643039884346)"
"(137, 0.02463487046635435)","(63, 0.0)","(127, 0.0)","(536, 0.021358245830427645)","(46, 0.04250162932225516)"
"(165, 0.02453381052122008)","(630, 0.0)","(132, 0.0)","(191, 0.021320428758990016)","(267, 0.0422901264546403)"
"(493, 0.024464359424721208)","(631, 0.0)","(133, 0.0)","(146, 0.02126541440338417)","(137, 0.04197584446640716)"
"(494, 0.024291535859860398)","(632, 0.0)","(134, 0.0)","(263, 0.020945208237631116)","(635, 0.041649546561629475)"
"(486, 0.024257148282544196)","(633, 0.0)","(136, 0.0)","(386, 0.02084814369168178)","(84, 0.0416284805849574)"
"(475, 0.02424217307210705)","(634, 0.0)","(137, 0.0)","(23, 0.020781318997913672)","(663, 0.041581101876887794)"
"(495, 0.024238117962191434)","(635, 0.0)","(138, 0.0)","(98, 0.020728184798119303)","(212, 0.041534388672914764)"
"(482, 0.0241721521675194)","(636, 0.0)","(141, 0.0)","(329, 0.020550885888610242)","(517, 0.04153287210271032)"
"(148, 0.02413125748342012)","(637, 0.0)","(142, 0.0)","(20, 0.02035577599133134)","(312, 0.04147720033902373)"
"(141, 0.023749287645176004)","(638, 0.0)","(146, 0.0)","(185, 0.02018461417348636)","(10, 0.04144262412942644)"
"(478, 0.023731398097029396)","(639, 0.0)","(149, 0.0)","(621, 0.020058277542810334)","(301, 0.04102841989338107)"
"(476, 0.02365573042440255)","(64, 0.0)","(150, 0.0)","(157, 0.020030748530694132)","(163, 0.04084321695830326)"
"(491, 0.023360755575035485)","(640, 0.0)","(151, 0.0)","(177, 0.019639056627775608)","(58, 0.040533843533406645)"
"(492, 0.023143865589308178)","(641, 0.0)","(157, 0.0)","(301, 0.01952604468535824)","(237, 0.04022197047225205)"
"(481, 0.02290367945437774)","(642, 0.0)","(16, 0.0)","(417, 0.019363242647934847)","(145, 0.04020271177934325)"
"(94, 0.02270408538604762)","(643, 0.0)","(162, 0.0)","(418, 0.019197598497187537)","(476, 0.04017819462590805)"
"(109, 0.022536892777355377)","(644, 0.0)","(163, 0.0)","(620, 0.019049740079792103)","(180, 0.040051053870400116)"
"(472, 0.02253604547006518)","(645, 0.0)","(168, 0.0)","(137, 0.019046042588145497)","(116, 0.0399686573044025)"
"(117, 0.02241651023984582)","(646, 0.0)","(170, 0.0)","(16, 0.018883091173270628)","(443, 0.03987913626749467)"
"(201, 0.022309350592654535)","(647, 0.0)","(173, 0.0)","(187, 0.018819582589601706)","(447, 0.039719468537453326)"
"(102, 0.02230340587069126)","(648, 0.0)","(174, 0.0)","(318, 0.018663745066452908)","(446, 0.03966115495217359)"
"(185, 0.021788473172256403)","(649, 0.0)","(175, 0.0)","(623, 0.018539154745226268)","(475, 0.03962989671297289)"
"(16, 0.021779878291059655)","(65, 0.0)","(176, 0.0)","(267, 0.018502887802118322)","(2, 0.03960700574231969)"
"(480, 0.019846332961377142)","(650, 0.0)","(177, 0.0)","(636, 0.018371925141619925)","(445, 0.03959387268796303)"
"(25, 0.019614339834441302)","(651, 0.0)","(178, 0.0)","(245, 0.01835193257078221)","(103, 0.0393752838370921)"
"(174, 0.019224179700281546)","(652, 0.0)","(179, 0.0)","(103, 0.01825025718001595)","(138, 0.03937026100494376)"
"(24, 0.01865206633823084)","(653, 0.0)","(180, 0.0)","(319, 0.018215866218540887)","(670, 0.03907322441769635)"
"(13, 0.01863998209339388)","(654, 0.0)","(182, 0.0)","(182, 0.01814753583069534)","(170, 0.03890338213664083)"
"(187, 0.01859152147454456)","(655, 0.0)","(185, 0.0)","(247, 0.01804129747280432)","(245, 0.03839483687636749)"
"(108, 0.01777061672637355)","(656, 0.0)","(216, 0.0)","(198, 0.018028191522865045)","(130, 0.037926566418060685)"
"(101, 0.01775691417351963)","(657, 0.0)","(224, 0.0)","(149, 0.017788863178541735)","(67, 0.0377981107831639)"
"(107, 0.017353364656800783)","(66, 0.0)","(229, 0.0)","(554, 0.017594714063371347)","(227, 0.03760272723561574)"
"(23, 0.0173086560018928)","(660, 0.0)","(23, 0.0)","(220, 0.017480781998337715)","(143, 0.03738224010148113)"
"(224, 0.017268011637214514)","(661, 0.0)","(231, 0.0)","(522, 0.017354845014022128)","(47, 0.037242714089234755)"
"(78, 0.017002255169007694)","(662, 0.0)","(237, 0.0)","(178, 0.017208641471857498)","(480, 0.03718098123976124)"
"(220, 0.01693894854931524)","(663, 0.0)","(24, 0.0)","(41, 0.017205544086125762)","(302, 0.037143030850222976)"
"(77, 0.016146638334852227)","(664, 0.0)","(245, 0.0)","(229, 0.017081622140529867)","(651, 0.03690290847620026)"
"(180, 0.01592977380316624)","(665, 0.0)","(247, 0.0)","(618, 0.016580388493200187)","(482, 0.036708539591033665)"
"(267, 0.01570601082233536)","(666, 0.0)","(25, 0.0)","(313, 0.016564360498396154)","(135, 0.03661805129655666)"
"(247, 0.015693076923366783)","(667, 0.0)","(263, 0.0)","(195, 0.01645805420938995)","(471, 0.03652846032129308)"
"(20, 0.015328225549584745)","(668, 0.0)","(267, 0.0)","(180, 0.016323038976559096)","(580, 0.03603624165777617)"
"(200, 0.015204417782360544)","(669, 0.0)","(28, 0.0)","(141, 0.016257744860783165)","(473, 0.03595832366698525)"
"(228, 0.014597223255941906)","(676, 0.0)","(301, 0.0)","(423, 0.01593055884063504)","(479, 0.035939194017075606)"
"(216, 0.014582341297191584)","(678, 0.0)","(302, 0.0)","(228, 0.01577049132772719)","(25, 0.03589850401072569)"
"(95, 0.014095358577210925)","(679, 0.0)","(303, 0.0)","(170, 0.015554137054660534)","(8, 0.03547585188763844)"
"(298, 0.013960105220596108)","(68, 0.0)","(312, 0.0)","(162, 0.014706589577327763)","(32, 0.03542019265894101)"
"(114, 0.013774935863652131)","(77, 0.0)","(313, 0.0)","(2, 0.014584007020266208)","(313, 0.03523637501501279)"
"(111, 0.01273923355321644)","(78, 0.0)","(318, 0.0)","(104, 0.01453710553099852)","(48, 0.034978862011237295)"
"(196, 0.01227033708284192)","(79, 0.0)","(32, 0.0)","(179, 0.014418879746141594)","(618, 0.034737679249438304)"
"(115, 0.011727044994921554)","(8, 0.0)","(39, 0.0)","(200, 0.014189801842706776)","(481, 0.03469968023719786)"
"(79, 0.011074936979993288)","(80, 0.0)","(390, 0.0)","(176, 0.013928701216711314)","(478, 0.03434538702853251)"
"(89, 0.010660170891890187)","(81, 0.0)","(41, 0.0)","(224, 0.013744121782840497)","(111, 0.034104292032981334)"
"(199, 0.010331773949370342)","(83, 0.0)","(416, 0.0)","(416, 0.013596626860266438)","(101, 0.03357108291200887)"
"(112, 0.009086217589359706)","(84, 0.0)","(417, 0.0)","(32, 0.013324687102633313)","(200, 0.03309341118505886)"
"(198, 0.007166994069779533)","(85, 0.0)","(418, 0.0)","(237, 0.013145741947693574)","(162, 0.0329874872062838)"
"(477, 0.0)","(86, 0.0)","(422, 0.0)","(39, 0.013107151647274575)","(120, 0.03285489834776168)"
"(485, 0.0)","(87, 0.0)","(423, 0.0)","(24, 0.012985984676113803)","(24, 0.03278702249126931)"
"(487, 0.0)","(88, 0.0)","(522, 0.0)","(100, 0.012971254496177378)","(319, 0.031905595605599774)"
"(488, 0.0)","(89, 0.0)","(536, 0.0)","(390, 0.012460840213350078)","(463, 0.03189427403103762)"
"(489, 0.0)","(9, 0.0)","(55, 0.0)","(138, 0.012251286088347595)","(458, 0.03153229195669633)"
"(496, 0.0)","(90, 0.0)","(554, 0.0)","(196, 0.012229375043582654)","(100, 0.031128100704833517)"
"(497, 0.0)","(92, 0.0)","(618, 0.0)","(102, 0.01216832930114918)","(104, 0.03002939626146882)"
"(498, 0.0)","(93, 0.0)","(62, 0.0)","(163, 0.01183794385022887)","(196, 0.02784585606827604)"
"(5, 0.0)","(94, 0.0)","(620, 0.0)","(227, 0.011095929462196905)","(98, 0.027393887223168593)"
"(502, 0.0)","(95, 0.0)","(621, 0.0)","(25, 0.010842878954936293)","(195, 0.026691282962466874)"
"(507, 0.0)","(96, 0.0)","(623, 0.0)","(19, 0.010830898401769984)","(105, 0.023041086520390015)"
"(517, 0.0)","(97, 0.0)","(636, 0.0)","(101, 0.0019106463742592894)","(477, 0.022077930546240545)"
